workload_id,model_id,micro_batch_size,sequence_length,dtype,total_iters,warmup_iters,gradient_accumulation_steps
G01,google/gemma-4-E2B-it,1,256,fp16,120,20,1
G02,google/gemma-4-E2B-it,2,256,fp16,120,20,1
G03,google/gemma-4-E2B-it,4,256,fp16,120,20,1
G04,google/gemma-4-E2B-it,1,512,fp16,120,20,1
G05,google/gemma-4-E2B-it,2,512,fp16,120,20,1
G06,google/gemma-4-E2B-it,4,512,fp16,120,20,1
G07,google/gemma-4-E2B-it,1,1024,fp16,120,20,1
G08,google/gemma-4-E2B-it,2,1024,fp16,120,20,1
G09,google/gemma-4-E2B-it,4,1024,fp16,120,20,1
G10,google/gemma-4-E2B-it,1,256,bf16,120,20,1
G11,google/gemma-4-E2B-it,2,256,bf16,120,20,1
G12,google/gemma-4-E2B-it,4,256,bf16,120,20,1
G13,google/gemma-4-E2B-it,1,512,bf16,120,20,1
G14,google/gemma-4-E2B-it,2,512,bf16,120,20,1
G15,google/gemma-4-E2B-it,4,512,bf16,120,20,1
G16,google/gemma-4-E2B-it,1,1024,bf16,120,20,1
G17,google/gemma-4-E2B-it,2,1024,bf16,120,20,1
G18,google/gemma-4-E2B-it,4,1024,bf16,120,20,1

